name,url,username,password
10.10.0.1,http://10.10.0.1/24online/webpages/client.jsp,11611240,7spams
www.11secondclub.com,http://www.11secondclub.com/,rishabh4u,7spams.com
192.168.1.1,http://192.168.1.1/admin/login_en.asp,admin,admin
www.3dequalizer.com,https://www.3dequalizer.com/,ghai_rishav@yahoo.com,7spams.com
www.4shared.com,http://www.4shared.com/web/login,ghai_rishav@yahoo.com,shukardataya
accusonus.com,https://accusonus.com/sound-pack/era/videographer-podcaster,ghai_rishav@yahoo.com,7spams.com
adobeid.services.adobe.com,https://adobeid.services.adobe.com/reset/en_US/CJZWHPDVQG98S52DFA3EVK3G8G,,7Sp@ms.com
adobeid-na1.services.adobe.com,https://adobeid-na1.services.adobe.com/renga-idprovider/pages/login,ghai_rishav@yahoo.com,7Sp@ms.com
auth.services.adobe.com,https://auth.services.adobe.com/en_US/index.html,ghai_rishav@yahoo.com,7Sp@ms.com
aimware.net,https://aimware.net/forum/member.php,rishabh4uh,7Sp@ms.com
www.airtel.in,https://www.airtel.in/s/selfcare/account/editPassword,,7spams.com
coupon.aliexpress.com,https://coupon.aliexpress.com/,ghai_rishav@yahoo.com,shukardataya12345
alison.com,https://alison.com/login/,ghai_rishav@yahoo.com,shukardataya12345
aloestoreindia.in,https://aloestoreindia.in/login,910900059263,7Sp@ms.com
www.amazon.com,https://www.amazon.com/ap/signin,ghai_rishav@yahoo.com,shukardataya12345
www.amazon.in,https://www.amazon.in/ap/signin,918003802285,nish1234
www.amazon.in,https://www.amazon.in/ap/signin,919872206558,comeinsangita
www.amazon.in,https://www.amazon.in/ap/signin,ayushghay@gmail.com,shukardataya12345
www.amazon.in,https://www.amazon.in/ap/signin,ghai_rishav@yahoo.com,shukardataya12345
www.amazon.in,https://www.amazon.in/ap/cnep,nishukm7@gmail.com,shukardataya12345
angel.co,https://angel.co/jobs/signup,ghai_rishav@yahoo.com,7spams.com
www.animaker.com,https://www.animaker.com/register,ghai_rishav@yahoo.com,7spams.com
www.animiz.com,http://www.animiz.com/pricing,ghai_rishav@yahoo.com,7spams.com
idmsa.apple.com,https://idmsa.apple.com/IDMSWebAuth/login,ghai_rishav@yahoo.com,Samsung12..5
archive.org,https://archive.org/account/login,ghai_rishav@yahoo.com,7spams.com
www.artstation.com,https://www.artstation.com/users/sign_up,ghai_rishav@yahoo.com,shukardataya12345
accounts.autodesk.com,https://accounts.autodesk.com/User/RegisterEducationUser,ghai_rishav@yahoo.com,shukardataya12345
my.avid.com,https://my.avid.com/get/media-composer-first,ghai_rishav@yahoo.com,7Sp@ms.com
www.awign.com,https://www.awign.com/internships/pharmeasy/apply,ghai_rishav@yahoo.com,7spams.com
kr.battle.net,https://kr.battle.net/login/en/,ghai_rishav@yahoo.com,shukardataya1234
us.battle.net,https://us.battle.net/account/creation/en/tos.html,ghai_rishav@yahoo.com,shukardataya1234
accounts.binance.com,https://accounts.binance.com/en/register,Ghai_rishav@yahoo.com,7Spams.com
www.bitcoinswealthclub.com,https://www.bitcoinswealthclub.com/landing/direct-registration/,rishabh4u,shukardataya12345
bitly.com,https://bitly.com/a/sign_up,ghai_rishav@yahoo.com,shukardataya12345
www.bitmex.com,https://www.bitmex.com/login,ghai_rishav@yahoo.com,7spams.com
in.bookmyshow.com,https://in.bookmyshow.com/special/sunburn-arena-with-nucleya-tota-myna-album-launch/ET00087040,9779940900,shukardataya12345
in.bookmyshow.com,https://in.bookmyshow.com/login,ghai_rishav@yahoo.com,shukardataya12345
in.bookmyshow.com,https://in.bookmyshow.com/secure/resetpwd,rishu,shukardataya12345
app.box.com,https://app.box.com/login/reset_confirmation/cMosOgjDtbVAQxousaZWs6,ghai_rishav@yahoo.com,7spams.com
krb-sjobs.brassring.com,https://krb-sjobs.brassring.com/TGnewUI/Search/home/HomeWithPreLoad,ghai_rishav@yahoo.com,7spams.com
www.brusheezy.com,https://www.brusheezy.com/signup,rishabh4u,shukardataya12345
www.buy.ooo,https://www.buy.ooo/checkout.php,The Gaming Boi,7Sp@ms.com
manage.buy.ooo,https://manage.buy.ooo/servlet/LoginServlet,ghai_rishav@yahoo.com,7Sp@ms.com
www.caffeine.tv,https://www.caffeine.tv/sign-up,Rishab,shukardataya12345
profile.callofduty.com,https://profile.callofduty.com/cod/registrationDetails,ghai_rishav@yahoo.com,7SPAMS.COM
camelcamelcamel.com,https://camelcamelcamel.com/signup,ghai_rishav@yahoo.com,shukardataya12345
www.canva.com,https://www.canva.com/login/canva,ghai_rishav@yahoo.com,7spams.com
www.cboxera.com,https://www.cboxera.com/user/login,ghai_rishav@yahoo.com,7spams.com
www.cboxera.com,https://www.cboxera.com/user/register,rishabh4u,7spams.com
www.cgpeers.com,https://www.cgpeers.com/login.php,deathdealer002,#Victorious#007
cgpeers.to,https://cgpeers.to/login.php,rishabh4u,7Sp@ms.com
www.cgtrader.com,https://www.cgtrader.com/items/641109/download-page,rishabh4u,7Spams.com
cheater.fun,https://cheater.fun/index.php,thegamingboitv,7spams.com
cleartax.in,https://cleartax.in/Account/LogOn,sangitarani210@gmail.com,comeinsangita
clegc-gckey.gc.ca,https://clegc-gckey.gc.ca/j/eng/l,Rishabhghai1,7Spams.com
clegc-gckey.gc.ca,https://clegc-gckey.gc.ca/j/eng/l,rishabh4u,7Spams.com
accounts.clickbank.com,https://accounts.clickbank.com/login.htm,rishabh4u,SHukardat@y@12345
www.cloudinglab.com,https://www.cloudinglab.com/register.php,ghai_rishav@yahoo.com,shukardataya12345
www.coinbase.com,https://www.coinbase.com/signin,ghai_rishav@yahoo.com,shukardataya12345
account.coolermaster.com,https://account.coolermaster.com/RegisterNew.aspx,ghai_rishav@yahoo.com,7spams.com
corsair.wtf,https://corsair.wtf/register/,thegamingboitv,7sp@ms.com
www.coursera.org,https://www.coursera.org/,ghai_rishav@yahoo.com,shukardataya12345
www.cuelinks.com,https://www.cuelinks.com/signup,Ghai_rishav@yahoo.com,shukardataya12345
www.cuelinks.com,https://www.cuelinks.com/users/edit,ghai_rishav@yahoo.com,shukardataya12345
www.dell.com,https://www.dell.com/Identity/global/Login/af012748-3351-4987-a7fd-653c6e1c7d1a,ghai_rishav@yahoo.com,7Spams.com
www.desidime.com,https://www.desidime.com/signup,ghai_rishav@yahoo.com,shukardataya12345
www.deviantart.com,https://www.deviantart.com/join/,rishabh4u,7spams.com
discordapp.com,https://discordapp.com/login,ghai_rishav@yahoo.com,shukardataya12345
disqus.com,https://disqus.com/embed/comments/,ghai_rishav@yahoo.com,shukardataya12345
www.dreamstime.com,https://www.dreamstime.com/login.php,ghai_rishav@yahoo.com,7spams.com
www.dropbox.com,https://www.dropbox.com/gs,ghai_rishav@yahoo.com,ihate2d
signin.ea.com,https://signin.ea.com/p/thirdparty/login,ghai_rishav@yahoo.com,7Sp@msdotcom
www.ebates.com,https://www.ebates.com/help/track-welcome-bonus,ghai_rishav@yahoo.com,7spams.com
signin.ebay.in,https://signin.ebay.in/ws/eBayISAPI.dll,ghai_rishav@yahoo.com,shukardataya12345
,android://EPqVUnC72PJefEbzR7tpXasZ5RamDixdGHwu1-4wrgoQSwtZ2vLNRvCSFsKVIpuNMukMUNTEFFowYZe-p0zrpA==@com.enflick.android.TextNow/,ghai_rishav@yahoo.com,shukardataya12345
elements.envato.com,https://elements.envato.com/sign-up,rishabh4uh,7spams.com
www.epicgames.com,https://www.epicgames.com/id/login,ghai_rishav@yahoo.com,7spams.com
accounts.epicgames.com,https://accounts.epicgames.com/login/customized,ghai_rishav@yahoo.com,7spams.com
epunjabschool.gov.in,http://epunjabschool.gov.in/SchoolOfficeLogin.aspx,03050112201,password
epunjabschool.gov.in,http://epunjabschool.gov.in/SchoolOfficeLogin.aspx,03050112701,password
epunjabschool.gov.in,http://epunjabschool.gov.in/Home/LoginStaff.aspx,228615861,sangita
erosnow.com,https://erosnow.com/secured/purchase,ghai_rishav@yahoo.com,7spams.com
play.esea.net,https://play.esea.net/index.php,SCoPE2k,7spams.com
play.esea.net,https://play.esea.net/index.php,ghai_rishav@yahoo.com,7spams.com
account.eslgaming.com,https://account.eslgaming.com/register,ghai_rishav@yahoo.com,7spams.com
,android://zQxb6hXv1MJiC1Yyotdhi8HP-y7fwPcOLwPOWTwWKpP2VXcbsuIiI4iJ1KV0Dz3LzVsUuKJmYCBIUAxnsPB9FA==@com.facebook.katana/,100012058486164,7spams.com
www.facebook.com,https://www.facebook.com/,ayushghay@gmail.com,7spams.com
www.facebook.com,https://www.facebook.com/,ghai_rishav@yahoo.com,7sp@ms.com
www.facebook.com,https://www.facebook.com/login.php,ghai_rishav@yahoo.com,7sp@ms.com
m.facebook.com,https://m.facebook.com/login.php,ghai_rishav@yahoo.com,7sp@ms.com
www.facebook.com,https://www.facebook.com/,rishabhghai9@gmail.com,7sp@ms
www.facebook.com,https://www.facebook.com/,sangitarani210@gmail.com,comeinsangita
www.faceit.com,https://www.faceit.com/en/login,ghai_rishav@yahoo.com,7spams.com
users.fbx.gg,https://users.fbx.gg/fbx,SCoPE,7spams.com
users.fbx.gg,https://users.fbx.gg/fbx,ghai_rishav@yahoo.com,7spams.com
users.fbx.gg,https://users.fbx.gg/fbx,ghai_rishav@yahoo.com,7spams.com
www.fiverr.com,https://www.fiverr.com/,jeswillson,7Spams.com
www.fiverr.com,https://www.fiverr.com/,rishabh4u,7sp@ms.com
www.flaticon.com,https://www.flaticon.com/profile/login,ghai_rishav@yahoo.com,shukardataya12345
www.flipkart.com,https://www.flipkart.com/,9501229582,shukardataya12345
www.flipkart.com,https://www.flipkart.com/,9501229582,shukardataya12345
www.flipkart.com,https://www.flipkart.com/ikava-bohemia-style-15-6-inch-x-10-inch-3m-vinyl-laptop-decal/p/itmenehbyqhyzkes,ghai_rishav@yahoo.com,shukardataya12345
affiliate.flipkart.com,https://affiliate.flipkart.com/login,ghai_rishav@yahoo.com,shukardataya12345
www.fololink.com,https://www.fololink.com/register,ghai_rishav@yahoo.com,7spams.com
fololink.com,https://fololink.com/login,rishabh4u,shukardataya12345
www.freeimages.com,https://www.freeimages.com/signup,rishabh4u,7spams.com
www.freelancer.com,https://www.freelancer.com/projects/articles/Hire-Article-Writer-15054904/,ghai_rishav@yahoo.com,7spams.com
my.freenom.com,https://my.freenom.com/clientarea.php,ghai_rishav@yahoo.com,shukardataya12345
www.freepik.com,https://www.freepik.com/download-file/3978311,ghai_rishav@yahoo.com,shukardataya12345
profile.freepik.com,https://profile.freepik.com/forgot/Z2hhaV9yaXNoYXZAeWFob28uY29tfDQxODU3MTQ5MjViOTZhYzAwOTdhNWU=,ghai,shukardataya12345
profile.freepik.com,https://profile.freepik.com/login,ghai_rishav@yahoo.com,shukardataya12345
freesound.org,https://freesound.org/home/register/,rishabh4u,7spams.com
www.freshersworld.com,https://www.freshersworld.com/jobs/2d-animator-motion-graphics-artist-jobs-in-bangalore-byjus-675441,ghai_rishav@yahoo.com,7spams.c9m
ftx.com,https://ftx.com/en,ghai_rishav@yahoo.com,7Sp@ms.com
www.funacumen.com,https://www.funacumen.com/signup,ghai_rishav@yahoo.com,shukardataya12345
fxhome.com,https://fxhome.com/express,ghai_rishav@yahoo.com,7spams.com
gamersnab.com,https://gamersnab.com/login,ghai_rishav@yahoo.com,7spams.com
gamesacademy.com.br,https://gamesacademy.com.br/auth/login,ghai_rishav@yahoo.com,shukardataya12345
gen.xyz,https://gen.xyz/account/cart.php,9779940900,shukardataya12345
github.com,https://github.com/join,rishabh4uh,7spams.com
sso.godaddy.com,https://sso.godaddy.com/v1/account/reset,rishabh4u,7Spams.com
login.gog.com,https://login.gog.com/auth,ghai_rishav@yahoo.com,7spams.com
accounts.google.com,https://accounts.google.com/signin/v2/challenge/pwd,ayushghay,p2545ayup
accounts.google.com,https://accounts.google.com/signin/v2/sl/pwd,helloindianlogic@gmail.com,7spams.com
accounts.google.com,https://accounts.google.com/signup/v2/webcreateaccount,hellotgbtv@gmail.com,7spams.com
accounts.google.com,https://accounts.google.com/signin/v2/challenge/pwd,ramankumarghai007@gmail.com,7spams.com
accounts.google.com,https://accounts.google.com/AddSession,sangitarani2100@gmail.com,comeinsangita
accounts.google.com,https://accounts.google.com/signin/v2/sl/pwd,sangitarani210@gmail.com,comeinsangita
accounts.google.com,https://accounts.google.com/signin/v2/sl/pwd,shivghai.eduplus@gmail.com,Bholenath83
accounts.google.com,https://accounts.google.com/signup/v2/webcreateaccount,singhakam0007,hakamsingh12345
gostream.co,https://gostream.co/signup,ghai_rishav@yahoo.com,7spams.com
app.gostudio.co,https://app.gostudio.co/register/sHIiRFUEAocWKMOnmjYhENY4Lkx2,ghai_rishav@yahoo.com,7spams.com
members.grabpoints.com,http://members.grabpoints.com/,Ghai,shukardataya12345
cloud.gravit.io,https://cloud.gravit.io/pro/login,Ghai,7spams.com
gumroad.com,https://gumroad.com/l/sfxpack,ghai_rishav@yahoo.com,7spams.com
www.guru.com,https://www.guru.com/registeraccount.aspx,ghai_rishav@yahoo.com,7spams.com
han-tools.com,https://han-tools.com/register,ghai_rishav@yahoo.com,7spams.com
www.highend3d.com,https://www.highend3d.com/users/sign_up,ghai_rishav@yahoo.com,shukardataya12345
www.hireejobs.com,http://www.hireejobs.com/register,ghai_rishav@yahoo.com,7spams.com
www.hirezstudios.com,https://www.hirezstudios.com/my-account/,thegamingboitv,7spams.com
www.hirist.com,https://www.hirist.com//j/advids-motion-graphics-designer-animator-after-effects-illustartor-0-5-yrs-478203.html,ghai_rishav@yahoo.com,7spams.com
www.homeshop18.com,https://www.homeshop18.com/login.html,9779940900,shukardataya12345
www.humblebundle.com,https://www.humblebundle.com/very-positive-bundle-2,ghai_rishav@yahoo.com,shukardataya12345
www.iceboxfun.com,https://www.iceboxfun.com/signup,ghai_rishav@yahoo.com,shukardataya12345
www.ieltsidpindia.com,https://www.ieltsidpindia.com/Access/CandidateLogin,AYU0517345,AYU140900
www.ieltsidpindia.com,https://www.ieltsidpindia.com/access/candidatelogin,RIS0564259,RIS220796
incometaxindiaefiling.gov.in,https://incometaxindiaefiling.gov.in/e-Filing/UserLogin/LoginHome.html,02/10/1970,sangitar@ni123
www.infinityjobs.in,https://www.infinityjobs.in/index1.php,ghai_rishav@yahoo.com,7spams.com
www.instagram.com,https://www.instagram.com/accounts/login/,indianlogicinsta,7sp@ms.com
www.instagram.com,https://www.instagram.com/,rishabh4u,7sp@ms.com
www.instagram.com,https://www.instagram.com/,thegamingboitv,7spams.com
www.instamojo.com,https://www.instamojo.com/accounts/register/,ghai_rishav@yahoo.com,shukardataya12345
signin.intel.com,https://signin.intel.com/,rishabh4u,7sp@ms.com
software.intel.com,https://software.intel.com/registration/,Rishabh4u,7sp@ms.com
internshala.com,https://internshala.com/login/update_password,ghai_rishav@yahoo.com,7Spams.com
www.irctc.co.in,https://www.irctc.co.in/eticketing/userSignUp.jsf,rishabh4uh,Shukardataya1
www.jabong.com,http://www.jabong.com/cart/,ghai_rishav@yahoo.com,shukardataya12345
www.jobswitch.in,http://www.jobswitch.in/jobseeker/login,ghai_rishav@yahoo.com,7spams.com
get-verificastinid-case73962984659273567964.kuntulasu.xyz,https://get-verificastinid-case73962984659273567964.kuntulasu.xyz/assets/signin.php,ghai_rishav@yahoo.com,Samsung12..5
www.linkbucks.com,https://www.linkbucks.com/signup/,Rishabh4u,shukardataya12345
www.linkedin.com,https://www.linkedin.com/uas/login,ghai_rishav@yahoo.com,shukardataya12345
in.linkedin.com,https://in.linkedin.com/,ghai_rishav@yahoo.com,shukardataya12345
login.live.com,https://login.live.com/login.srf,criminalrizz1@outlook.com,7spams.com
login.live.com,https://login.live.com/oauth20_authorize.srf,criminalrizz2@outlook.com,7spams.com
signup.live.com,https://signup.live.com/signup,7spams.com,7spams.com
localhost,http://localhost:4343/,ayushghay,7sp@ms.com
localhost,http://localhost:4343/,ghai_rishav@yahoo.com,7sp@ms.com
localhost,http://localhost:4343/,indianlogicinsta,7sp@ms.com
localhost,http://localhost:4343/,rishabh4u,7sp@ms.com
localhost,http://localhost:4343/,rishabhghai9@gmail.com,7sp@ms.com
logojoy.com,https://logojoy.com/generate,ghai_rishav@yahoo.com,shukardataya12345
admission.lpu.in,https://admission.lpu.in/,Ayushghay@gmail.com,9779901441
admission.lpu.in,https://admission.lpu.in/,ayushghay@gmail.com,7spams.com
alumni.lpu.in,https://alumni.lpu.in/register,ghai_rishav@yahoo.com,7spams.com
oas.lpu.in,https://oas.lpu.in/,11611240,7Sp@ms.com
ums.lpu.in,https://ums.lpu.in/lpuums/,11611240,7Sp@ms.com
ums.lpu.in,https://ums.lpu.in/lpuums/,11915206,7Sp@ms
ums.lpu.in,https://ums.lpu.in/lpuums/loginnew.aspx,11915206,7Sp@ms
www.makemytrip.com,https://www.makemytrip.com/flights,9779940900,shukardataya12345
www.mediafire.com,https://www.mediafire.com/login/,ghai_rishav@yahoo.com,7spams.com
mega.nz,https://mega.nz/,ghai_rishav@yahoo.com,shukardataya12345
www.messenger.com,https://www.messenger.com/login.php,ghai_rishav@yahoo.com,7sp@ms
www.milmila.com,https://www.milmila.com/add-to-cart.html,668976,7spams.com
www.mobilexpression.com,https://www.mobilexpression.com/login.aspx,Rishabhghai9@gmail.com,#;xDyE4
www.mobilexpression.com,https://www.mobilexpression.com/login.aspx,ayushghay@gmail.com,shukardataya12345
www.mobilexpression.com,https://www.mobilexpression.com/Home.aspx,ghai_rishav@yahoo.com,17098
www.moglix.com,https://www.moglix.com/quick-order,Ghai,shukardataya12345
www.moglix.com,https://www.moglix.com/login,ghai_rishav@yahoo.com,shukardataya12345
www.monsterindia.com,https://www.monsterindia.com/seeker/personal,ghai_rishav@yahoo.com,7spams.com
motionarray.com,https://motionarray.com/sign-up,ghai_rishav@yahoo.com,7spams.com
moz.com,https://moz.com/community/join,Ghai_rishav@yahoo.com,shukardataya12345
www.mpgh.net,https://www.mpgh.net/forum/showthread.php,Rishabh4u,gGZFN7LW
www.mpgh.net,https://www.mpgh.net/forum/profile.php,ghai_rishav@yahoo.com,7spams.com
www.mpgh.net,https://www.mpgh.net/,rishabh4u,gGZFN7LW
mpgh.net,https://mpgh.net/,rishabh4u,gGZFN7LW
accounts.myherbalife.com,https://accounts.myherbalife.com/Account/Create,ghai_rishav@yahoo.com,7spams.com
,android://WAKkiM-YjKc5x2wGN7K87_ydApTp8dJU_Y-nkw_6FFFfqS2tpd9xpR03ZI6-1Rq-GItezrjoBo8bX4gBwRAWKw==@com.myntra.android/,ghai_rishav@yahoo.com,shukardataya12345
www.myntra.com,https://www.myntra.com/login,ghai_rishav@yahoo.com,shukardataya12345
www.myperfectresume.com,https://www.myperfectresume.com/rwz/build/login.aspx,ghai_rishav@yahoo.com,7sp@ms.com
www.myteamspeak.com,https://www.myteamspeak.com/activate,ghai_rishav@yahoo.com,bBJWcapa6niaC838maaRV3Im
shaalasiddhi.niepa.ac.in,http://shaalasiddhi.niepa.ac.in/Shaalasiddhi/,03050112201,Jad@1234
shaalasiddhi.niepa.ac.in,http://shaalasiddhi.niepa.ac.in/shaalasiddhi/Account/ShaalaSiddhiLogin,03050112701,$Angita123
nsp.gov.in,https://nsp.gov.in/secureLoginAuth.action,3050112201,QXGrdib257
shaalasiddhi.nuepa.org,http://shaalasiddhi.nuepa.org/shaalasiddhi/Account/ShaalaSiddhiLogin,03050112701,$Angita123
www.shaalasiddhi.nuepa.org,http://www.shaalasiddhi.nuepa.org/Shaalasiddhi/Common/CreateUsers,03050112701,$Angita123
account.oneplus.net,https://account.oneplus.net/login,ghai_rishav@yahoo.com,7sp@ms.com
,android://gOrjSxFhbWxen0N7c75QJUsf2KYGrpWVz86vbEkmpktKL-1ZiC5P2tesJ957ncLTtX9FA8QsTrzZibKLPzq_mg==@app.over.editor/,ghai_rishav@yahoo.com,7spams.com
www.paisaget.com,https://www.paisaget.com/register/,ghai_rishav@yahoo.com,shukardataya12345
www.patreon.com,https://www.patreon.com/signup,ghai_rishav@yahoo.com,7spams.com
login.payoneer.com,https://login.payoneer.com/,ghai_rishav@yahoo.com,7spams.com
myaccount.payoneer.com,https://myaccount.payoneer.com/MainPage/EditProfile.aspx,ghai_rishav@yahoo.com,7spams.com
www.paypal.com,https://www.paypal.com/in/signin,ghai_rishav@yahoo.com,7sp@ms.com
accounts.paytm.com,https://accounts.paytm.com/oauth2/authorize,ghai_rishav@yahoo.com,shukardataya123
www.pcloud.com,https://www.pcloud.com/,ghai_rishav@yahoo.com,shukardataya123
www.pepperfry.com,https://www.pepperfry.com/checkout/address,ghai_rishav@yahoo ,7spams.com
,android://2Q82TiAojrruN4q56Ttwb9pRQAkZ73TAEh2r0iatwKG7k2pb9_aRB1c9XJKShM5Dyc-tFk3cdk7gxb7FTpaKrw==@com.picsart.studio/,ghai_rishav@yahoo.com,7sp@ms.com
,android://s-ufz0kKUpUSqHkCxu9V1mu5AuF8d3Jp-4ss0CYxfjeJK9U0RDh83d-w9F5i443h--q36tB1epb6OD53dxMZjA==@com.picsart.studio/,ghai_rishav@yahoo.com,7sp@ms.com
pikbest.com,https://pikbest.com/so/cloud-vector.html,rishabh4u,7spams.com
,android://kCyQDzpaoAX2gs-1zdGPKNAeICb8LzRFOxa4NCq0jO8c8d_NFS_q-Y35bU3Nq3GmFV2lLurmNvIZa6YPYZwmWg==@com.pinterest/,ghai_rishav@yahoo.com,shukardataya12345
www.pinterest.com,https://www.pinterest.com/pin/477803841690954445/,ghai_rishav@yahoo.com,shukardataya12345
www.pinterest.com,https://www.pinterest.com/pin/477803841690954445/,ghai_rishav@yahoo.com,shukardataya12345
in.pinterest.com,https://in.pinterest.com/,ghai_rishav@yahoo.com,shukardataya12345
www.pinterest.ph,https://www.pinterest.ph/,ghai_rishav@yahoo.com,shukardataya12345
club.pokemon.com,https://club.pokemon.com/us/pokemon-trainer-club/parents/sign-up,Rishabh4u,shukardataya1
www.powtoon.com,https://www.powtoon.com/account/signup/,ghai_rishav@yahoo.com,7spams.com
www.powtoon.com,https://www.powtoon.com/account/login/,ghai_rishav@yahoo.com,7spams.com
prefiles.com,http://prefiles.com/register-6149,rishabh4u,7spams.com
prefiles.com,https://prefiles.com/register-6149,rishabh4u,7spams.com
member.productioncrate.com,https://member.productioncrate.com/login.html,rishabh4u,7spams.com
accounts.pubg.com,https://accounts.pubg.com/register,ghai_rishav@yahoo.com,7spams.com
www.quick-torrent.com,http://www.quick-torrent.com/en/sign-up.html,ghai_rishav@yahoo.com,shukardataya
,android://pbTt1KmSWiizwy2adE-D3WearPMqqj2Z19iepKP6e9_ZymMYYZHfdV1FqUaYo4SbuSLK7Z36vGc3eCMUVVfckw==@com.quora.android/,ghai_rishav@yahoo.com,7spams.com
www.quora.com,https://www.quora.com/,ghai_rishav@yahoo.com,7spams.com
id.realme.com,https://id.realme.com/password.html,,7spams.com
www.reddit.com,https://www.reddit.com/register,rishabh4uh,7spams.com
www.rewardme.in,https://www.rewardme.in/page/register-1,ghai_rishav@yahoo.com,shukardataya12345
auth.riotgames.com,https://auth.riotgames.com/login,sc0pe4u,7spams.com
auth.riotgames.com,https://auth.riotgames.com/login,thegamingboitv,7spams.com
signin.rockstargames.com,https://signin.rockstargames.com/signin/user-form,ghai_rishav@yahoo.com,7Sp@ms.com
www.saavn.com,https://www.saavn.com/s/album/english/Faded-2015/B6ufo1iqJP0_,ghai_rishav@yahoo.com,shukardataya12345
www.samagrashiksha.in,http://www.samagrashiksha.in/userlogin1.aspx,03050112701,03050112701
account.samsung.com,https://account.samsung.com/accounts/v1/0a9f22962aa47468b3bd2ba33b3e9c47/signUp,ghai_rishav@yahoo.com,7spams.com
account.samsung.com,https://account.samsung.com/accounts/v1/0a9f22962aa47468b3bd2ba33b3e9c47/signUp,ghai_rishav@yahoo.com,7spams.com
scholarships.gov.in,https://scholarships.gov.in/fresh/newStudentRegFrm.action,9814954806,0682000107388977
www.schoolofmotion.com,https://www.schoolofmotion.com/register-confirm,rishabh4u,7spams.com
web1.mail.scotiabank.com,https://web1.mail.scotiabank.com/webmail/do/Start,ghai_rishav@yahoo.com,Ghai@1996
is.seagate.com,https://is.seagate.com/authenticationendpoint/login.do,ghai_rishav@yahoo.com,Shukardataya12345
myportal.seagate.com,https://myportal.seagate.com/consumer-identity/product-reg/thank-you-with-create-account.jsp,ghai_rishav@yahoo.com,Shukardataya12345
myapps.senecacollege.ca,https://myapps.senecacollege.ca/login,RGHAI6,7Sp@ms.com
myid.senecacollege.ca,https://myid.senecacollege.ca/passwordservice/,RGHAI6,7Sp@ms.com
myid.senecacollege.ca,https://myid.senecacollege.ca/passwordservice/checkAccess,RGHAI6,7Sp@ms.com
myphoto.senecacollege.ca,https://myphoto.senecacollege.ca/login.aspx,RGHAI6,7Sp@ms.com
sts.senecacollege.ca,https://sts.senecacollege.ca/adfs/ls/,seneds\RGHAI6,7Sp@ms.com
studenterp.senecacollege.ca,https://studenterp.senecacollege.ca/psp/ps/,RGHAI6,7Sp@ms.com
shareae.com,https://shareae.com/index.php,Rishabh4u,7spams.com
sharecash.org,http://sharecash.org/members/login.php,Rishabh4u,7sp@ms.com
www.shawacademy.com,https://www.shawacademy.com/free-trial-registration/complete-profile/,,7spams.com
live.shawacademy.com,https://live.shawacademy.com/login/,ghai_rishav@yahoo.com,7spams.com
www.shine.com,https://www.shine.com/myshine/login/,ghai_rishav@yahoo.com,shukardataya123
m.shine.com,https://m.shine.com/myshine/login/,ghai_rishav@yahoo.com,shukardataya123
cpanel.shivamvohra.com,https://cpanel.shivamvohra.com/,rishabh1,bqnYj5442O
login.shopclues.com,https://login.shopclues.com/,9779940900,shukardataya12345
accounts.shopify.com,https://accounts.shopify.com/signup,ghai_rishav@yahoo.com,7spams.com
www.shutterstock.com,https://www.shutterstock.com/image-vector/kid-boy-character-animation-front-side-1044333493,ghai_rishav@yahoo.com,shukardataya12345
accounts.shutterstock.com,https://accounts.shutterstock.com/login,ghai_rishav@yahoo.com,shukardataya12345
sketchfab.com,https://sketchfab.com/models/a0c8f318ed6f4075a97c2e55b1272495,ghai_rishav@yahoo.com,7spams.com
www.sketchuptextureclub.com,https://www.sketchuptextureclub.com/register,ghai_rishav@yahoo.com,7spams.com
www.skillshare.com,https://www.skillshare.com/reset-password,ghai_rishav@yahoo.com,7spams.com
login.skype.com,https://login.skype.com/login,rishabh4uh,Shukardataya12..5
seneca.slideroom.com,https://seneca.slideroom.com/,ghai_rishav@yahoo.com,7Sp@ms.com
accounts.snapchat.com,https://accounts.snapchat.com/accounts/login,rishabh4uh,7sp@ms.com
www.snapdeal.com,https://www.snapdeal.com/buyNow,9779940900,7spams.com
m.snapdeal.com,https://m.snapdeal.com/signin,9779940900,7spams.com
www.sonduckfilm.com,http://www.sonduckfilm.com/my-account/,ghai_rishav@yahoo.com,7spams.com
www.sonduckfilm.com,https://www.sonduckfilm.com/my-account/,ghai_rishav@yahoo.com,7spams.com
www.sostronk.com,https://www.sostronk.com/login,SCoPE2k,7spams.com
,android://79xEc7TXh3cNp5rV9kci8i6AYyfPq8BmRomGIiNpLtXCAx3qy5RICnOQLbMJaQ1UNGV_N7sSK1dLpTmEZQ8csg==@com.spotify.music/,ghai_rishav@yahoo.com,7spams.com
accounts.spotify.com,https://accounts.spotify.com/en/login/,ghai_rishav@yahoo.com,7spams.com
steamcommunity.com,https://steamcommunity.com/login/home/,fanofskg,7spams.com
steamcommunity.com,https://steamcommunity.com/login/home/,lordsc0pe,7spams.com
steamcommunity.com,https://steamcommunity.com/login/home/,rishabh4uh,7spams.com
help.steampowered.com,https://help.steampowered.com/en/wizard/Login,lordsc0pe,7spams.com
store.steampowered.com,https://store.steampowered.com/login/,fanofskg,7spams.com
store.steampowered.com,https://store.steampowered.com/join/completesignup,lordsc0pe,7spams.com
store.steampowered.com,https://store.steampowered.com/login/,rishabh4uh,7spams.com
sumome.com,https://sumome.com/,ghai_rishav@yahoo.com,shukardataya12345
www.surveymonkey.com,https://www.surveymonkey.com/user/sign-up/,Rishabh4u,shukardataya12345
www.tatacliq.com,https://www.tatacliq.com/login,ghai_rishav@yahoo.com,shukardataya12345
www.textures.com,https://www.textures.com/download/woodplanksold0151/115388,ghai_rishav@yahoo.com,7spams.com
www.tiktok.com,https://www.tiktok.com/mail-forgetpwd/index.html,,7spams.com
m.timesjobs.com,https://m.timesjobs.com/mobile/registration.html,ghai_rishav@yahoo.com,7spams.com
,android://yTbbVli2kp2NRFxk_MQWPqrNxomp-OK_hUSXqYCKsZ8yq6rhqj6DXtj5l1tBvyMWM__Q1Njmy2YSMnW5C7PFJg==@com.trello/,ghai_rishav@yahoo.com,7spams.com
trello.com,https://trello.com/login,rishabh4u,7spams.com
www.truelancer.com,https://www.truelancer.com/signup,ghai_rishav@yahoo.com,7spams.com
www.tumblr.com,https://www.tumblr.com/login,ghai_rishav@yahoo.com,shukardataya12345
www.turbosquid.com,https://www.turbosquid.com/Login/Index.cfm,ghai_rishav@yahoo.com,7spams.com
www.turbosquid.com,https://www.turbosquid.com/MemberInfo/Index.cfm/Edit,rishabh4u,7spams.com
www.twine.fm,https://www.twine.fm/signin,ghai_rishav@yahoo.com,7spams.com
,android://dKranQB7c5H2WKHJF5rygyRh5-vrf7ZVODNX_XoJgJ5YncxgwK7vbH1kZrYCLmv68MEawe5nFA-sfKQk9mrbFQ==@tv.twitch.android.app/,TheGamingBoiTV,shukardataya12345
,android://dKranQB7c5H2WKHJF5rygyRh5-vrf7ZVODNX_XoJgJ5YncxgwK7vbH1kZrYCLmv68MEawe5nFA-sfKQk9mrbFQ==@tv.twitch.android.app/,im_sc0pe,7spams.com
,android://dKranQB7c5H2WKHJF5rygyRh5-vrf7ZVODNX_XoJgJ5YncxgwK7vbH1kZrYCLmv68MEawe5nFA-sfKQk9mrbFQ==@tv.twitch.android.app/,thegamingboitv,shukardataya12345
www.twitch.tv,https://www.twitch.tv/settings/security,TheGamingBoiTV,shukardataya12345
www.twitch.tv,https://www.twitch.tv/,TheGamingBoiTV,shukardataya12345
www.twitch.tv,https://www.twitch.tv/,im_sc0pe,7spams.com
www.twitch.tv,https://www.twitch.tv/settings/security,im_sc0pe,7spams.com
twitter.com,https://twitter.com/download,rishabh4uh,7sp@ms.com
twitter.com,https://twitter.com/account/add,thegamingboitv,7spams.com
auth.uber.com,https://auth.uber.com/login/session,ghai_rishav@yahoo.com,shukardataya12345
connect.ubi.com,https://connect.ubi.com/Default/Login,ghai_rishav@yahoo.com,7spams.com
connect.ubisoft.com,https://connect.ubisoft.com/login,ghai_rishav@yahoo.com,7spams.com
www.udemy.com,https://www.udemy.com/join/signup-popup/,ghai_rishav@yahoo.com,7sp@ms.com
www.upwork.com,https://www.upwork.com/ab/account-security/login,ghai_rishav@yahoo.com,shukardataya12345
www.videezy.com,https://www.videezy.com/reset_passwords/uuKwhB3QLWsIPxM3aub9,ghai_rishav@yahoo.com,7spams.com
www.videoscribe.co,https://www.videoscribe.co/en/Login,ghai_rishav@yahoo.com,shukardataya12345
app.vidiq.com,https://app.vidiq.com/,ghai_rishav@yahoo.com,7spams.com
vimeo.com,https://vimeo.com/join,ghai_rishav@yahoo.com,7spams.com
viral9.com,https://viral9.com/,deepakumarana@gmail.com,indian..dudes
www.viral9.com,https://www.viral9.com/,deepakumarana@gmail.com,indian..dudes
hwid5.vmall.com,https://hwid5.vmall.com/CAS/mobile/standard/register/setPwd.html,,7spams.com
www.voot.com,https://www.voot.com/shows/bahu-begum/1/813543/noor-crosses-the-line/833687,ghai_rishav@yahoo.com,7spams.com
warframe.com,https://warframe.com/signup,IndianLogic,shukardataya12345
warframe.com,https://warframe.com/login,ghai_rishav@yahoo.com,shukardataya12345
site23.way2sms.com,http://site23.way2sms.com/chngPwd.action,,shukardataya12345
wazirx.com,https://wazirx.com/signup,ghai_rishav@yahoo.com,7spams.com
meetingsapac35.webex.com,https://meetingsapac35.webex.com/mw3300/mywebex/changePassword.do,ghai_rishav@yahoo.com,7Spams.com
gamezpc.webs.com,http://gamezpc.webs.com/apps/auth/signup,Ghai_rishav@yahoo.com,shukardataya12345
www.weebly.com,https://www.weebly.com/in,ghai_rishav@yahoo.com,shukardataya12345
www.weebly.com,https://www.weebly.com/in,ghai_rishav@yahoo.com,shukardataya12345
users.wix.com,https://users.wix.com/signin,ghai_rishav@yahoo.com,7sp@ms.com
wordpress.com,https://wordpress.com/wp-login.php,ghai_rishav@yahoo.com,shukardataya
wordpress.com,https://wordpress.com/wp-login.php,ghairishav,shukardataya
jetpack.wordpress.com,https://jetpack.wordpress.com/jetpack.authorize/1/,ghai_rishav@yahoo.com,shukardataya
public-api.wordpress.com,https://public-api.wordpress.com/oauth2/authorize,ghai_rishav@yahoo.com,shukardataya
tricksontech.wordpress.com,https://tricksontech.wordpress.com/wp-login.php,ghai_rishav@yahoo.com,shukardataya
forum.xda-developers.com,https://forum.xda-developers.com/xperia-z1/general/c6902-z1-stock-customized-14-6-1-236-t3308400,rishabh ghai,pv6vUfcZ
www.xerve.in,http://www.xerve.in/,9478851708,shukardataya12345
www.xerve.in,https://www.xerve.in/,9478851708,shukardataya12345
account.xiaomi.com,https://account.xiaomi.com/pass/serviceLogin,ghai_rishav@yahoo.com,7spams.com
login.yahoo.com,https://login.yahoo.com/account/challenge/password,ghai_rishav,7sp@ms.com
login.yahoo.com,https://login.yahoo.com/,ghai_rishav@yahoo.com,7sp@ms.com
www.youtube.com,https://www.youtube.com/watch,ghai_rishav@yahoo.com,7spams.com
zaxwerks.com,https://zaxwerks.com/index.php,144210,7spams.com
zaxwerks.com,https://zaxwerks.com/index.php,ghai_rishav@yahoo.com,7spams.com
zoom.us,https://zoom.us/activate,Ghai,7Spams.com
zoom.us,https://zoom.us/signin,ghai_rishav@yahoo.com,7Spams.com
